{"cameraMode":{"drawMode":0,"name":"Shaded","section":"Shading Mode"},"sceneLighting":false,"audioPlay":false,"sceneViewState":{"showFog":true,"showMaterialUpdate":false,"showSkybox":false,"showFlares":true,"showImageEffects":true,"showParticleSystems":true},"in2DMode":false,"pivot":{"x":-3.5959999561309816,"y":0.14399999380111695,"z":1.1103272438049317},"rotation":{"x":-0.2257663607597351,"y":0.047027837485075,"z":-0.010912188328802586,"w":-0.9729852080345154},"size":0.6175431609153748,"orthographic":false}