{"cameraMode":{"drawMode":0,"name":"Shaded","section":"Shading Mode"},"sceneLighting":true,"audioPlay":false,"sceneViewState":{"showFog":true,"showMaterialUpdate":false,"showSkybox":true,"showFlares":true,"showImageEffects":true,"showParticleSystems":true},"in2DMode":false,"pivot":{"x":-9.630857467651368,"y":-44.423377990722659,"z":38.884517669677737},"rotation":{"x":0.4985957145690918,"y":0.008578509092330933,"z":-0.0049381377175450329,"w":0.8667899966239929},"size":48.84769821166992,"orthographic":false}